at_risk_market,connected_shocked_markets,max_correlation,propagation_risk_score,estimated_days_until_shock,warning
Bilsi,61,0.985,6008.5,1,⚠️ SELL NOW
Fatehpur,61,0.984,6002.4,1,⚠️ SELL NOW
Haatpipliya,62,0.96,5952.0,1,⚠️ SELL NOW
Golagokarnath,61,0.975,5947.5,1,⚠️ SELL NOW
Ghaziabad,61,0.973,5935.3,1,⚠️ SELL NOW
Etawah,61,0.971,5923.1,1,⚠️ SELL NOW
Gorakhpur,61,0.964,5880.4,1,⚠️ SELL NOW
Bharthna,59,0.989,5835.1,1,⚠️ SELL NOW
Badayoun,59,0.989,5835.1,1,⚠️ SELL NOW
Bareilly,59,0.988,5829.2,1,⚠️ SELL NOW
Bharwari,59,0.987,5823.3,1,⚠️ SELL NOW
Baraut,60,0.97,5820.0,1,⚠️ SELL NOW
Gonda,60,0.966,5796.0,1,⚠️ SELL NOW
Charra,59,0.981,5787.9,1,⚠️ SELL NOW
Chitwadagaon,59,0.978,5770.2,1,⚠️ SELL NOW
Bhawanigarh,60,0.961,5766.0,1,⚠️ SELL NOW
Firozabad,59,0.976,5758.4,1,⚠️ SELL NOW
Bindki,59,0.976,5758.4,1,⚠️ SELL NOW
Chamba,60,0.958,5748.0,1,⚠️ SELL NOW
Chandabali,61,0.941,5740.1,1,⚠️ SELL NOW
Azamgarh,58,0.983,5701.4,1,⚠️ SELL NOW
Etah,59,0.965,5693.5,1,⚠️ SELL NOW
Buland Shahr,58,0.981,5689.8,1,⚠️ SELL NOW
Chandausi,58,0.981,5689.8,1,⚠️ SELL NOW
Ballia,58,0.978,5672.4,1,⚠️ SELL NOW
Jalore,59,0.957,5646.3,1,⚠️ SELL NOW
Barabanki,58,0.971,5631.8,1,⚠️ SELL NOW
Ajuha,57,0.988,5631.6,1,⚠️ SELL NOW
Bangarmau,57,0.982,5597.4,1,⚠️ SELL NOW
Achalda,57,0.981,5591.7,1,⚠️ SELL NOW
Auraiya,57,0.98,5586.0,1,⚠️ SELL NOW
Basti,57,0.98,5586.0,1,⚠️ SELL NOW
Ahirora,57,0.979,5580.3,1,⚠️ SELL NOW
Bharuasumerpur,57,0.978,5574.6,1,⚠️ SELL NOW
Amroha,57,0.978,5574.6,1,⚠️ SELL NOW
Chandoli,57,0.977,5568.9,1,⚠️ SELL NOW
Aligarh,57,0.975,5557.5,1,⚠️ SELL NOW
Anandnagar,57,0.975,5557.5,1,⚠️ SELL NOW
Chandigarh(Grain/Fruit),59,0.939,5540.1,1,⚠️ SELL NOW
Batote,57,0.967,5511.9,1,⚠️ SELL NOW
Agra,57,0.965,5500.5,1,⚠️ SELL NOW
Doraha,58,0.948,5498.4,1,⚠️ SELL NOW
Chirgaon,57,0.964,5494.8,1,⚠️ SELL NOW
Hindol,58,0.947,5492.6,1,⚠️ SELL NOW
Bahraich,56,0.98,5488.0,1,⚠️ SELL NOW
Anwala,59,0.929,5481.1,1,⚠️ SELL NOW
Farukh Nagar,59,0.928,5475.2,1,⚠️ SELL NOW
Dewas(F&V),59,0.927,5469.3,1,⚠️ SELL NOW
Bilaspur,58,0.938,5440.4,1,⚠️ SELL NOW
Ambala Cantt.,58,0.936,5428.8,1,⚠️ SELL NOW
Bhawanipatna,57,0.952,5426.4,1,⚠️ SELL NOW
Atarra,56,0.964,5398.4,1,⚠️ SELL NOW
Abu Road,57,0.946,5392.2,1,⚠️ SELL NOW
Banda,56,0.961,5381.6,1,⚠️ SELL NOW
Balrampur,57,0.944,5380.8,1,⚠️ SELL NOW
Gadaura,58,0.926,5370.8,1,⚠️ SELL NOW
Churu,55,0.976,5368.0,1,⚠️ SELL NOW
Bilimora,55,0.974,5357.0,1,⚠️ SELL NOW
Jahangirabad,56,0.956,5353.6,1,⚠️ SELL NOW
Chaandpur,56,0.954,5342.4,1,⚠️ SELL NOW
Alipurduar,55,0.969,5329.5,1,⚠️ SELL NOW
Ballabhgarh,56,0.951,5325.6,1,⚠️ SELL NOW
Azadpur,55,0.966,5313.0,1,⚠️ SELL NOW
Bijnaur,57,0.931,5306.7,1,⚠️ SELL NOW
Gurgaon,55,0.964,5302.0,1,⚠️ SELL NOW
Ch. Dadri,56,0.944,5286.4,1,⚠️ SELL NOW
Gohana,56,0.942,5275.2,1,⚠️ SELL NOW
Ahmednagar,55,0.959,5274.5,1,⚠️ SELL NOW
Dhupguri,56,0.938,5252.8,1,⚠️ SELL NOW
Jasvantnagar,55,0.955,5252.5,1,⚠️ SELL NOW
Dudhi,57,0.919,5238.3,1,⚠️ SELL NOW
Champadanga,54,0.967,5221.8,1,⚠️ SELL NOW
Chathanoor,53,0.984,5215.2,1,⚠️ SELL NOW
Amritsar(Amritsar Mewa Mandi),55,0.944,5192.0,1,⚠️ SELL NOW
Belacoba,55,0.937,5153.5,1,⚠️ SELL NOW
Barnala,55,0.935,5142.5,1,⚠️ SELL NOW
Alwar (F&V),55,0.933,5131.5,1,⚠️ SELL NOW
Hamirpur,54,0.949,5124.6,1,⚠️ SELL NOW
Balugaon,54,0.945,5103.0,1,⚠️ SELL NOW
Chikkamagalore,54,0.938,5065.2,1,⚠️ SELL NOW
Gharaunda,55,0.92,5060.0,1,⚠️ SELL NOW
Bhiwani,55,0.918,5049.0,1,⚠️ SELL NOW
Barasat,54,0.932,5032.8,1,⚠️ SELL NOW
Balarampur,54,0.93,5022.0,1,⚠️ SELL NOW
Anoop Shahar,54,0.929,5016.6,1,⚠️ SELL NOW
Ahmedabad,52,0.961,4997.2,1,⚠️ SELL NOW
Alappuzha,51,0.973,4962.3,1,⚠️ SELL NOW
"Binny Mill (F&V), Bangalore",51,0.973,4962.3,1,⚠️ SELL NOW
Angamaly,51,0.971,4952.1,1,⚠️ SELL NOW
Birbhum,53,0.934,4950.2,1,⚠️ SELL NOW
"Anand(Veg,Yard,Anand)",51,0.97,4947.0,1,⚠️ SELL NOW
Ankleshwar,53,0.931,4934.3,1,⚠️ SELL NOW
Ganaur,53,0.93,4929.0,1,⚠️ SELL NOW
Athirampuzha,53,0.93,4929.0,1,⚠️ SELL NOW
Gudimalkapur,50,0.985,4925.0,1,⚠️ SELL NOW
Attingal,51,0.962,4906.2,1,⚠️ SELL NOW
Durg,51,0.961,4901.1,1,⚠️ SELL NOW
Junnar(Narayangaon),52,0.939,4882.8,1,⚠️ SELL NOW
Barara,55,0.885,4867.5,1,⚠️ SELL NOW
Bhuntar,53,0.918,4865.4,1,⚠️ SELL NOW
Alirajpur(F&V),52,0.933,4851.6,1,⚠️ SELL NOW
Bangarpet,52,0.929,4830.8,1,⚠️ SELL NOW
Habra,51,0.944,4814.4,1,⚠️ SELL NOW
Bayana,51,0.94,4794.0,1,⚠️ SELL NOW
Aralamoodu,50,0.957,4785.0,1,⚠️ SELL NOW
Indore(F&V),50,0.952,4760.0,1,⚠️ SELL NOW
Jagadhri,55,0.862,4741.0,1,⚠️ SELL NOW
Durgapur,50,0.939,4695.0,1,⚠️ SELL NOW
Dinanagar,53,0.884,4685.2,1,⚠️ SELL NOW
Chutmalpur,51,0.917,4676.7,1,⚠️ SELL NOW
Adimali,49,0.951,4659.9,1,⚠️ SELL NOW
Dhand,54,0.862,4654.8,1,⚠️ SELL NOW
Channapatana,48,0.96,4608.0,1,⚠️ SELL NOW
Chhachrauli,58,0.782,4535.6,2,⚠️ SELL NOW
Chakdah,49,0.92,4508.0,1,⚠️ SELL NOW
Adilabad(Rythu Bazar),49,0.916,4488.4,1,⚠️ SELL NOW
Dhamnod,50,0.886,4430.0,1,⚠️ SELL NOW
Chatta Krushak Bazar,49,0.892,4370.8,1,⚠️ SELL NOW
Dahod(Veg. Market),49,0.89,4361.0,1,⚠️ SELL NOW
Barwala,50,0.87,4350.0,1,⚠️ SELL NOW
Bariwala,53,0.816,4324.8,2,⚠️ SELL NOW
Chintamani,46,0.935,4301.0,1,⚠️ SELL NOW
Bhadara,50,0.847,4235.0,2,⚠️ SELL NOW
Biaora,48,0.852,4089.6,1,⚠️ SELL NOW
Badwaha,47,0.866,4070.2,1,⚠️ SELL NOW
Chittorgarh,48,0.82,3936.0,2,⚠️ SELL NOW
Chengannur,46,0.842,3873.2,2,⚠️ SELL NOW
Bandrol,43,0.895,3848.5,1,⚠️ SELL NOW
Achnera,41,0.928,3804.8,1,⚠️ SELL NOW
Bowenpally,40,0.925,3700.0,1,⚠️ SELL NOW
Ashahipora (Anantnagh),40,0.835,3340.0,2,⚠️ SELL NOW
Aluva,34,0.898,3053.2,1,⚠️ SELL NOW
Angul(Atthamallick),34,0.843,2866.2,2,⚠️ SELL NOW
Dhanotu (Mandi),31,0.742,2300.2,3,⚠️ SELL NOW
Dhanaura,35,0.647,2264.5,4,⚠️ SELL NOW
Moynaguri,16,0.804,1286.4,2,⚠️ SELL NOW
Bagepalli,15,0.774,1161.0,2,⚠️ SELL NOW
Khandwa(F&V),12,0.863,1035.6,1,⚠️ SELL NOW
Meerut,11,0.903,993.3,1,⚠️ SELL NOW
Mancharial,10,0.932,932.0,1,⚠️ SELL NOW
Malout,10,0.915,915.0,1,⚠️ SELL NOW
Raath,9,0.944,849.6,1,⚠️ SELL NOW
Mahoba,9,0.942,847.8,1,⚠️ SELL NOW
Uluberia,9,0.937,843.3,1,⚠️ SELL NOW
Tundla,9,0.936,842.4,1,⚠️ SELL NOW
Lashkar(F&V),9,0.935,841.5,1,⚠️ SELL NOW
Lohian Khas,10,0.841,841.0,2,⚠️ SELL NOW
Punhana,9,0.934,840.6,1,⚠️ SELL NOW
Perumbavoor,9,0.934,840.6,1,⚠️ SELL NOW
"New Grain Market , Panchkula",9,0.919,827.1,1,⚠️ SELL NOW
Sainthia,9,0.867,780.3,1,⚠️ SELL NOW
Pattamundai,9,0.864,777.6,1,⚠️ SELL NOW
Moth,8,0.949,759.2,1,⚠️ SELL NOW
Mainpuri,8,0.948,758.4,1,⚠️ SELL NOW
Naanpara,8,0.947,757.6,1,⚠️ SELL NOW
Safdarganj,8,0.946,756.8,1,⚠️ SELL NOW
Nawabganj,8,0.943,754.4,1,⚠️ SELL NOW
Unnao,8,0.942,753.6,1,⚠️ SELL NOW
Kottakkal,8,0.941,752.8,1,⚠️ SELL NOW
Ranaghat,8,0.939,751.2,1,⚠️ SELL NOW
Tauru,8,0.939,751.2,1,⚠️ SELL NOW
Ramkrishanpur(Howrah),8,0.939,751.2,1,⚠️ SELL NOW
Mathura,8,0.937,749.6,1,⚠️ SELL NOW
Khariar Road,8,0.936,748.8,1,⚠️ SELL NOW
Rewari,8,0.935,748.0,1,⚠️ SELL NOW
Mahboob Manison,8,0.935,748.0,1,⚠️ SELL NOW
Muradabad,8,0.935,748.0,1,⚠️ SELL NOW
Pipariya,8,0.934,747.2,1,⚠️ SELL NOW
Samrala,8,0.933,746.4,1,⚠️ SELL NOW
Maudaha,8,0.933,746.4,1,⚠️ SELL NOW
Muzzafarnagar,8,0.933,746.4,1,⚠️ SELL NOW
Saharanpur,8,0.932,745.6,1,⚠️ SELL NOW
Sagar(F&V),8,0.931,744.8,1,⚠️ SELL NOW
Rampur,8,0.93,744.0,1,⚠️ SELL NOW
Milak,8,0.927,741.6,1,⚠️ SELL NOW
Khurja,8,0.925,740.0,1,⚠️ SELL NOW
Noida,8,0.924,739.2,1,⚠️ SELL NOW
Panchkul(Kalka),8,0.923,738.4,1,⚠️ SELL NOW
Sasthamkotta,8,0.922,737.6,1,⚠️ SELL NOW
Sikar,8,0.918,734.4,1,⚠️ SELL NOW
Noor Mehal,8,0.917,733.6,1,⚠️ SELL NOW
Hassanpur,8,0.914,731.2,1,⚠️ SELL NOW
Manjeri,8,0.91,728.0,1,⚠️ SELL NOW
Kapadvanj,8,0.905,724.0,1,⚠️ SELL NOW
Lehra Gaga,8,0.894,715.2,1,⚠️ SELL NOW
Udhampur,8,0.846,676.8,2,⚠️ SELL NOW
Mauranipur,7,0.949,664.3,1,⚠️ SELL NOW
Pratapgarh,7,0.948,663.6,1,⚠️ SELL NOW
Lucknow,7,0.947,662.9,1,⚠️ SELL NOW
Lalitpur,7,0.945,661.5,1,⚠️ SELL NOW
Tulsipur,7,0.945,661.5,1,⚠️ SELL NOW
Sitapur,7,0.944,660.8,1,⚠️ SELL NOW
Viswan,7,0.944,660.8,1,⚠️ SELL NOW
Sandila,7,0.944,660.8,1,⚠️ SELL NOW
Pandua,7,0.944,660.8,1,⚠️ SELL NOW
Madhoganj,7,0.944,660.8,1,⚠️ SELL NOW
Sheoraphuly,7,0.943,660.1,1,⚠️ SELL NOW
Lakhimpur,7,0.942,659.4,1,⚠️ SELL NOW
Muskara,7,0.942,659.4,1,⚠️ SELL NOW
Shahganj,7,0.941,658.7,1,⚠️ SELL NOW
Rasda,7,0.941,658.7,1,⚠️ SELL NOW
Partaval,7,0.941,658.7,1,⚠️ SELL NOW
Robertsganj,7,0.94,658.0,1,⚠️ SELL NOW
Mugrabaadshahpur,7,0.94,658.0,1,⚠️ SELL NOW
Varanasi(F&V),7,0.94,658.0,1,⚠️ SELL NOW
Mirzapur,7,0.939,657.3,1,⚠️ SELL NOW
Purwa,7,0.938,656.6,1,⚠️ SELL NOW
Udupi,7,0.938,656.6,1,⚠️ SELL NOW
Wazirganj,7,0.936,655.2,1,⚠️ SELL NOW
Rajkot(Veg.Sub Yard),7,0.935,654.5,1,⚠️ SELL NOW
Samsabad,7,0.934,653.8,1,⚠️ SELL NOW
Safidon,7,0.934,653.8,1,⚠️ SELL NOW
Shahjahanpur,7,0.931,651.7,1,⚠️ SELL NOW
Kondotty,7,0.931,651.7,1,⚠️ SELL NOW
Udaipur (F&V),7,0.931,651.7,1,⚠️ SELL NOW
Rajsamand,7,0.931,651.7,1,⚠️ SELL NOW
Sehjanwa,7,0.929,650.3,1,⚠️ SELL NOW
Pataudi,7,0.926,648.2,1,⚠️ SELL NOW
Mumbai,7,0.926,648.2,1,⚠️ SELL NOW
Puwaha,7,0.922,645.4,1,⚠️ SELL NOW
Khair,7,0.921,644.7,1,⚠️ SELL NOW
Khatra,7,0.919,643.3,1,⚠️ SELL NOW
Mangal Wedha,7,0.916,641.2,1,⚠️ SELL NOW
Manawar,7,0.9,630.0,1,⚠️ SELL NOW
Siwan,7,0.895,626.5,1,⚠️ SELL NOW
Thanesar,7,0.895,626.5,1,⚠️ SELL NOW
Ladwa,7,0.869,608.3,1,⚠️ SELL NOW
Mukerian,7,0.865,605.5,1,⚠️ SELL NOW
Khanna,7,0.856,599.2,1,⚠️ SELL NOW
Kendrapara(Marshaghai),7,0.832,582.4,2,⚠️ SELL NOW
Kanjirappally,6,0.931,558.6,1,⚠️ SELL NOW
Meham,6,0.929,557.4,1,⚠️ SELL NOW
Narwal Jammu (F&V),6,0.912,547.2,1,⚠️ SELL NOW
Pune(Manjri),6,0.904,542.4,1,⚠️ SELL NOW
Shahabad,6,0.9,540.0,1,⚠️ SELL NOW
Ratnagiri (Nachane),6,0.899,539.4,1,⚠️ SELL NOW
Saharpada,6,0.889,533.4,1,⚠️ SELL NOW
Kayamkulam,6,0.869,521.4,1,⚠️ SELL NOW
Hasanpur,7,0.72,504.0,3,⚠️ SELL NOW
Palwal,5,0.926,463.0,1,⚠️ SELL NOW
Sultanpur,5,0.922,461.0,1,⚠️ SELL NOW
Narsinghgarh,5,0.901,450.5,1,⚠️ SELL NOW
Una,5,0.888,444.0,1,⚠️ SELL NOW
Sonepat(Kharkhoda),5,0.876,438.0,1,⚠️ SELL NOW
Kathua,5,0.871,435.5,1,⚠️ SELL NOW
Radaur,5,0.871,435.5,1,⚠️ SELL NOW
Patran,5,0.868,434.0,1,⚠️ SELL NOW
Sambhal,5,0.862,431.0,1,⚠️ SELL NOW
Sirsaganj,4,0.922,368.8,1,⚠️ SELL NOW
Surat,4,0.921,368.4,1,⚠️ SELL NOW
Satara,4,0.914,365.6,1,⚠️ SELL NOW
Vadhvan,4,0.911,364.4,1,⚠️ SELL NOW
Purulia,4,0.903,361.2,1,⚠️ SELL NOW
Vadgaonpeth,4,0.9,360.0,1,⚠️ SELL NOW
Ramtek,4,0.899,359.6,1,⚠️ SELL NOW
Vai,4,0.897,358.8,1,⚠️ SELL NOW
Kullu,4,0.89,356.0,1,⚠️ SELL NOW
Pune,4,0.888,355.2,1,⚠️ SELL NOW
Thodupuzha,4,0.888,355.2,1,⚠️ SELL NOW
Pune(Moshi),4,0.885,354.0,1,⚠️ SELL NOW
Keonjhar(Dhekikote),4,0.884,353.6,1,⚠️ SELL NOW
Keonjhar,4,0.878,351.2,1,⚠️ SELL NOW
Srinivasapur,4,0.869,347.6,1,⚠️ SELL NOW
Navapur,4,0.868,347.2,1,⚠️ SELL NOW
Tarori,4,0.861,344.4,1,⚠️ SELL NOW
Rohtak,4,0.859,343.6,1,⚠️ SELL NOW
Kollam,4,0.859,343.6,1,⚠️ SELL NOW
Kottarakkara,4,0.858,343.2,1,⚠️ SELL NOW
Shillong,4,0.857,342.8,1,⚠️ SELL NOW
Rayagada,4,0.855,342.0,1,⚠️ SELL NOW
Rajpura,4,0.85,340.0,2,⚠️ SELL NOW
Kosli,4,0.847,338.8,2,⚠️ SELL NOW
Khaga,4,0.832,332.8,2,⚠️ SELL NOW
Mandsaur(F&V),4,0.826,330.4,2,⚠️ SELL NOW
Rawatsar,4,0.788,315.2,2,⚠️ SELL NOW
Naraingarh,3,0.881,264.3,1,⚠️ SELL NOW
Karad,3,0.87,261.0,1,⚠️ SELL NOW
Parassala,3,0.868,260.4,1,⚠️ SELL NOW
Vandiperiyar,3,0.866,259.8,1,⚠️ SELL NOW
Rajgarh,3,0.864,259.2,1,⚠️ SELL NOW
Narwana,3,0.855,256.5,1,⚠️ SELL NOW
Sikarpur,3,0.849,254.7,2,⚠️ SELL NOW
Sangamner,3,0.847,254.1,2,⚠️ SELL NOW
Ratia,3,0.844,253.2,2,⚠️ SELL NOW
Sadhaura,3,0.841,252.3,2,⚠️ SELL NOW
Shimla,3,0.832,249.6,2,⚠️ SELL NOW
Khed(Chakan),3,0.828,248.4,2,⚠️ SELL NOW
Kukshi,3,0.824,247.2,2,⚠️ SELL NOW
Panvel,3,0.822,246.6,2,⚠️ SELL NOW
Islampur,3,0.803,240.9,2,⚠️ SELL NOW
Pampady,3,0.791,237.3,2,⚠️ SELL NOW
Mansa(Manas Veg Yard),3,0.741,222.3,3,⚠️ SELL NOW
Seoni,2,0.828,165.6,2,⚠️ SELL NOW
Shahzadpur,2,0.824,164.8,2,⚠️ SELL NOW
Tohana(New Veg Market),2,0.821,164.2,2,⚠️ SELL NOW
Nabha,2,0.82,164.0,2,⚠️ SELL NOW
Vamanapuram,2,0.813,162.6,2,⚠️ SELL NOW
Shahdara,2,0.801,160.2,2,⚠️ SELL NOW
Thandla,2,0.772,154.4,2,⚠️ SELL NOW
Machhiwara,2,0.768,153.6,2,⚠️ SELL NOW
Rahata,1,0.807,80.7,2,⚠️ SELL NOW
Mhow,1,0.788,78.8,2,⚠️ SELL NOW
Kendrapara,1,0.782,78.2,2,⚠️ SELL NOW
Shimla and Kinnaur(Rampur),1,0.77,77.0,2,⚠️ SELL NOW
Timarni,1,0.763,76.3,2,⚠️ SELL NOW
Sanawad,1,0.753,75.3,2,⚠️ SELL NOW
Khargone,1,0.716,71.6,3,⚠️ SELL NOW
Samalkha,1,0.669,66.9,3,⚠️ SELL NOW
Shrirampur,1,0.53,53.0,5,⚠️ SELL NOW
