market,current_price,average_price,price_change_%,shock_level
Hospet,500.0,5785.71,-91.36,🔴 SEVERE SHOCK
Jalgaon,500.0,4728.57,-89.43,🔴 SEVERE SHOCK
Jaipur (F&V),1100.0,7907.14,-86.09,🔴 SEVERE SHOCK
Dhari,800.0,5671.43,-85.89,🔴 SEVERE SHOCK
Hassan,1000.0,5976.86,-83.27,🔴 SEVERE SHOCK
Kaithal,1200.0,6957.14,-82.75,🔴 SEVERE SHOCK
Kanakapura,1000.0,5714.29,-82.5,🔴 SEVERE SHOCK
Gangoh,1300.0,7007.14,-81.45,🔴 SEVERE SHOCK
Nuh,1000.0,5285.71,-81.08,🔴 SEVERE SHOCK
Jaunpur,1160.0,5946.43,-80.49,🔴 SEVERE SHOCK
Jind,1450.0,7421.43,-80.46,🔴 SEVERE SHOCK
Shadnagar,600.0,2985.71,-79.9,🔴 SEVERE SHOCK
Chandrapur(Ganjwad),800.0,3657.14,-78.12,🔴 SEVERE SHOCK
Hingna,1500.0,6528.57,-77.02,🔴 SEVERE SHOCK
Kangra(Baijnath),1800.0,7828.57,-77.01,🔴 SEVERE SHOCK
Kalwakurthy,475.0,1989.29,-76.12,🔴 SEVERE SHOCK
Chickkaballapura,540.0,2231.43,-75.8,🔴 SEVERE SHOCK
Jhansi,1780.0,7270.0,-75.52,🔴 SEVERE SHOCK
Kalipur,1900.0,7757.14,-75.51,🔴 SEVERE SHOCK
Sikanderabad,1300.0,5128.57,-74.65,🔴 SEVERE SHOCK
Chandvad,350.0,1371.43,-74.48,🔴 SEVERE SHOCK
Garh Shankar(Mahalpur),1200.0,4614.29,-73.99,🔴 SEVERE SHOCK
K.R. Pet,1000.0,3714.29,-73.08,🔴 SEVERE SHOCK
Hanumangarh Town,1200.0,4400.0,-72.73,🔴 SEVERE SHOCK
Garh Shankar,1700.0,6171.43,-72.45,🔴 SEVERE SHOCK
Chorichora,1720.0,6160.0,-72.08,🔴 SEVERE SHOCK
Nagpur,2350.0,8139.29,-71.13,🔴 SEVERE SHOCK
Gowribidanoor,700.0,2400.0,-70.83,🔴 SEVERE SHOCK
Kangra(Jaisinghpur),1850.0,6207.14,-70.2,🔴 SEVERE SHOCK
Kangra,1750.0,5607.14,-68.79,🔴 SEVERE SHOCK
Kamthi,1000.0,3042.86,-67.14,🔴 SEVERE SHOCK
kalanwali,1100.0,3228.57,-65.93,🔴 SEVERE SHOCK
Deori,1000.0,2925.71,-65.82,🔴 SEVERE SHOCK
Harda(F&V),950.0,2764.29,-65.63,🔴 SEVERE SHOCK
Erragadda(Rythu Bazar),1700.0,4700.0,-63.83,🔴 SEVERE SHOCK
Thrippunithura,4200.0,11000.0,-61.82,🔴 SEVERE SHOCK
Hapur,1200.0,3045.0,-60.59,🔴 SEVERE SHOCK
Jalalabad,1100.0,2728.57,-59.69,🔴 SEVERE SHOCK
Hamirpur(Nadaun),2750.0,6785.71,-59.47,🔴 SEVERE SHOCK
Jasra,1340.0,3095.0,-56.7,🔴 SEVERE SHOCK
Fatehabad,1000.0,2188.57,-54.31,🔴 SEVERE SHOCK
Banga,3545.0,7567.29,-53.15,🔴 SEVERE SHOCK
Kamakhyanagar,4000.0,8500.0,-52.94,🔴 SEVERE SHOCK
Kota (F&V),2700.0,5707.14,-52.69,🔴 SEVERE SHOCK
Sangrur,4000.0,8414.29,-52.46,🔴 SEVERE SHOCK
Jakhal,1500.0,3114.29,-51.83,🔴 SEVERE SHOCK
Madlauda,3000.0,6071.43,-50.59,🔴 SEVERE SHOCK
Jalpaiguri Sadar,2000.0,4000.0,-50.0,🔴 SEVERE SHOCK
Jodhpur(F&V)(Paota),800.0,1585.71,-49.55,🔴 SEVERE SHOCK
Dabwali,1000.0,1942.86,-48.53,🔴 SEVERE SHOCK
Hanumangarh(Urlivas),2300.0,4428.57,-48.06,🔴 SEVERE SHOCK
Kalmeshwar,1315.0,2530.0,-48.02,🔴 SEVERE SHOCK
Hoshangabad,1620.0,3108.71,-47.89,🔴 SEVERE SHOCK
Awagarh,1200.0,2285.71,-47.5,🔴 SEVERE SHOCK
Divai,1050.0,1921.43,-45.35,🔴 SEVERE SHOCK
Gopa,3500.0,6285.71,-44.32,🔴 SEVERE SHOCK
GarhShankar (Kotfatuhi),1700.0,3028.57,-43.87,🔴 SEVERE SHOCK
Devariya,1700.0,2941.43,-42.2,🔴 SEVERE SHOCK
Damnagar,750.0,1278.57,-41.34,🔴 SEVERE SHOCK
Jafarganj,1560.0,2592.14,-39.82,🔴 SEVERE SHOCK
Dudhansadhan,2200.0,3628.57,-39.37,🔴 SEVERE SHOCK
Gondal(Veg.market Gondal),1550.0,2542.86,-39.04,🔴 SEVERE SHOCK
Giddarbaha,2200.0,3600.0,-38.89,🔴 SEVERE SHOCK
Petlawad,3000.0,4884.57,-38.58,🔴 SEVERE SHOCK
Ujjain(F&V),2000.0,3207.14,-37.64,🔴 SEVERE SHOCK
Dharamkot,2000.0,3142.86,-36.36,🔴 SEVERE SHOCK
Doddaballa Pur,700.0,1071.43,-34.67,🔴 SEVERE SHOCK
Jagnair,1100.0,1678.57,-34.47,🔴 SEVERE SHOCK
Dasuya,2250.0,3385.71,-33.54,🔴 SEVERE SHOCK
Fazilka,1200.0,1742.86,-31.15,🔴 SEVERE SHOCK
Ettumanoor,2500.0,3585.71,-30.28,🔴 SEVERE SHOCK
Gazipur,1150.0,1610.0,-28.57,🔴 SEVERE SHOCK
Bhusaval,800.0,1100.0,-27.27,🔴 SEVERE SHOCK
Sonepat,4500.0,6185.71,-27.25,🔴 SEVERE SHOCK
Ahmedgarh,2000.0,2700.0,-25.93,🔴 SEVERE SHOCK
Nautnava,1450.0,1950.0,-25.64,🔴 SEVERE SHOCK
Fatehpur Sikri,1250.0,1677.14,-25.47,🔴 SEVERE SHOCK
Jalandhar City(Jalandhar),900.0,1200.0,-25.0,🔴 SEVERE SHOCK
Gunpur,4000.0,5296.43,-24.48,🔴 SEVERE SHOCK
Hinjilicut,2000.0,2642.86,-24.32,🔴 SEVERE SHOCK
Nagamangala,6000.0,7928.57,-24.32,🔴 SEVERE SHOCK
Bilga,1900.0,2500.0,-24.0,🔴 SEVERE SHOCK
Bhadrak,1900.0,2457.14,-22.67,🔴 SEVERE SHOCK
Jalukie,4000.0,5157.14,-22.44,🔴 SEVERE SHOCK
Gurusarai,1290.0,1620.0,-20.37,🔴 SEVERE SHOCK
Belgaum,1300.0,1621.43,-19.82,🟠 MODERATE SHOCK
Kipheri,2630.0,3264.29,-19.43,🟠 MODERATE SHOCK
Ramanagara,8000.0,9857.14,-18.84,🟠 MODERATE SHOCK
Ambala City(Subji Mandi),1900.0,2335.71,-18.65,🟠 MODERATE SHOCK
Baberu,1250.0,1531.43,-18.38,🟠 MODERATE SHOCK
Sohna,7000.0,8571.43,-18.33,🟠 MODERATE SHOCK
Pandhana(F&V),1600.0,1957.14,-18.25,🟠 MODERATE SHOCK
Mysore (Bandipalya),5900.0,7185.71,-17.89,🟠 MODERATE SHOCK
Tumkur,8000.0,9742.86,-17.89,🟠 MODERATE SHOCK
Chhindwara(F&V),600.0,728.57,-17.65,🟠 MODERATE SHOCK
Hardoi,1585.0,1921.43,-17.51,🟠 MODERATE SHOCK
Siyana,1260.0,1517.14,-16.95,🟠 MODERATE SHOCK
Mulabagilu,5666.0,6761.57,-16.2,🟠 MODERATE SHOCK
Rampurmaniharan,4530.0,5349.0,-15.31,🟠 MODERATE SHOCK
FerozpurZirkha(Nagina),1200.0,1414.29,-15.15,🟠 MODERATE SHOCK
Bhopal(F&V),1000.0,1171.43,-14.63,🟠 MODERATE SHOCK
Kolar,6670.0,7810.0,-14.6,🟠 MODERATE SHOCK
Davangere,600.0,700.0,-14.29,🟠 MODERATE SHOCK
Kolhapur,5500.0,6400.0,-14.06,🟠 MODERATE SHOCK
Amrawati(Frui & Veg. Market),1300.0,1507.14,-13.74,🟠 MODERATE SHOCK
Bargarh(Barapalli),1900.0,2200.0,-13.64,🟠 MODERATE SHOCK
Jabalpur(F&V),1000.0,1157.14,-13.58,🟠 MODERATE SHOCK
Palampur,6750.0,7807.14,-13.54,🟠 MODERATE SHOCK
Rahuri,5500.0,6264.29,-12.2,🟠 MODERATE SHOCK
Akbarpur,1540.0,1742.86,-11.64,🟠 MODERATE SHOCK
Neyyatinkara,8000.0,9000.0,-11.11,🟠 MODERATE SHOCK
Phagwara,3899.0,4383.29,-11.05,🟠 MODERATE SHOCK
Goluwala,1300.0,1457.14,-10.78,🟠 MODERATE SHOCK
Hanumangarh,1300.0,1457.14,-10.78,🟠 MODERATE SHOCK
Phaltan,4590.0,5143.29,-10.76,🟠 MODERATE SHOCK
Kuchinda,10500.0,11714.29,-10.37,🟠 MODERATE SHOCK
Mandi(Takoli),5000.0,5571.43,-10.26,🟠 MODERATE SHOCK
Ghiraur,1150.0,1276.43,-9.9,🟡 MILD SHOCK
Mandi(Mandi),8000.0,8857.14,-9.68,🟡 MILD SHOCK
Quadian,7500.0,8300.0,-9.64,🟡 MILD SHOCK
Palus,5000.0,5528.57,-9.56,🟡 MILD SHOCK
Bargarh,1900.0,2100.0,-9.52,🟡 MILD SHOCK
Shahabad(New Mandi),6720.0,7421.43,-9.45,🟡 MILD SHOCK
Abohar,1010.0,1115.0,-9.42,🟡 MILD SHOCK
Sirsa,11000.0,12142.86,-9.41,🟡 MILD SHOCK
Pimpalgaon,9505.0,10466.43,-9.19,🟡 MILD SHOCK
Anchal,5600.0,6142.86,-8.84,🟡 MILD SHOCK
Kadur,6250.0,6852.71,-8.8,🟡 MILD SHOCK
Bikaner (F&V),900.0,985.71,-8.7,🟡 MILD SHOCK
Sardhana,6500.0,7114.29,-8.63,🟡 MILD SHOCK
Kottayam,6700.0,7314.29,-8.4,🟡 MILD SHOCK
Sealdah Koley Market,10000.0,10857.14,-7.89,🟡 MILD SHOCK
Ajmer(F&V),1700.0,1842.86,-7.75,🟡 MILD SHOCK
Falakata,2300.0,2492.86,-7.74,🟡 MILD SHOCK
Kothamangalam,9500.0,10285.71,-7.64,🟡 MILD SHOCK
Sangareddy,4000.0,4314.29,-7.28,🟡 MILD SHOCK
Kattappana,11000.0,11857.14,-7.23,🟡 MILD SHOCK
Baghmara,9500.0,10214.29,-6.99,🟡 MILD SHOCK
Khariar,12000.0,12857.14,-6.67,🟡 MILD SHOCK
Kuruppanthura,8000.0,8571.43,-6.67,🟡 MILD SHOCK
Shimoga,7000.0,7500.0,-6.67,🟡 MILD SHOCK
Pehowa,1600.0,1714.29,-6.67,🟡 MILD SHOCK
Pune(Khadiki),4250.0,4542.86,-6.45,🟡 MILD SHOCK
Bhuna,1500.0,1600.0,-6.25,🟡 MILD SHOCK
Asansol,3650.0,3892.86,-6.24,🟡 MILD SHOCK
Sujangarh,2600.0,2771.43,-6.19,🟡 MILD SHOCK
Solapur,5500.0,5857.14,-6.1,🟡 MILD SHOCK
Saharpada,11000.0,11571.43,-4.94,🟢 STABLE
Shrirampur,1750.0,1839.29,-4.85,🟢 STABLE
Hasanpur,1850.0,1942.86,-4.78,🟢 STABLE
Alipurduar,2300.0,2414.29,-4.73,🟢 STABLE
Pen,9000.0,9428.57,-4.55,🟢 STABLE
Angul,3000.0,3142.86,-4.55,🟢 STABLE
Bagpat,1400.0,1457.14,-3.92,🟢 STABLE
Guna(F&V),600.0,622.86,-3.67,🟢 STABLE
Koppal,6000.0,6221.43,-3.56,🟢 STABLE
Bhulath,800.0,828.57,-3.45,🟢 STABLE
Pune(Manjri),9300.0,9585.71,-2.98,🟢 STABLE
Palitana,12000.0,12357.14,-2.89,🟢 STABLE
Deoband,1500.0,1542.86,-2.78,🟢 STABLE
Barasat,2600.0,2671.43,-2.67,🟢 STABLE
Gorakhpur,1200.0,1230.71,-2.5,🟢 STABLE
Angul(Jarapada),3000.0,3071.43,-2.33,🟢 STABLE
Partaval,7800.0,7982.14,-2.28,🟢 STABLE
Pratapgarh,7900.0,8078.57,-2.21,🟢 STABLE
Gadag,5500.0,5614.29,-2.04,🟢 STABLE
Mukerian,7500.0,7642.86,-1.87,🟢 STABLE
Dudhi,1600.0,1628.57,-1.75,🟢 STABLE
Rewari,8000.0,8142.86,-1.75,🟢 STABLE
Kot ise Khan,800.0,814.29,-1.75,🟢 STABLE
Rawatsar,2700.0,2742.86,-1.56,🟢 STABLE
Sahidngar,9000.0,9142.86,-1.56,🟢 STABLE
Chintamani,1060.0,1074.29,-1.33,🟢 STABLE
Sehjanwa,8000.0,8107.14,-1.32,🟢 STABLE
Vita,6750.0,6831.43,-1.19,🟢 STABLE
Achalda,1500.0,1517.14,-1.13,🟢 STABLE
Lalitpur,8040.0,8124.29,-1.04,🟢 STABLE
Gonda,1350.0,1362.86,-0.94,🟢 STABLE
Lohian Khas,1500.0,1514.29,-0.94,🟢 STABLE
Rasda,7950.0,8001.43,-0.64,🟢 STABLE
Safdarganj,7850.0,7890.0,-0.51,🟢 STABLE
Bhawanipatna,1800.0,1807.14,-0.4,🟢 STABLE
Katni(F&V),4000.0,4014.29,-0.36,🟢 STABLE
Moynaguri,8000.0,8014.29,-0.18,🟢 STABLE
Solan,8300.0,8314.29,-0.17,🟢 STABLE
Mancharial,9800.0,9814.29,-0.15,🟢 STABLE
Mahabubnagar(Rythu Bazar),10000.0,10014.29,-0.14,🟢 STABLE
Naanpara,8000.0,8010.0,-0.12,🟢 STABLE
Chutmalpur,1200.0,1201.43,-0.12,🟢 STABLE
Sikar,6500.0,6500.0,0.0,🟢 STABLE
Attingal,2000.0,2000.0,0.0,🟢 STABLE
Anwala,1400.0,1400.0,0.0,🟢 STABLE
Samrala,7500.0,7500.0,0.0,🟢 STABLE
Sampla,8000.0,8000.0,0.0,🟢 STABLE
Rajsamand,11000.0,11000.0,0.0,🟢 STABLE
Hassanpur,1500.0,1500.0,0.0,🟢 STABLE
Kalanaur,2600.0,2600.0,0.0,🟢 STABLE
Habra,1800.0,1800.0,0.0,🟢 STABLE
Lashkar(F&V),8500.0,8500.0,0.0,🟢 STABLE
Dhanaura,900.0,900.0,0.0,🟢 STABLE
Chathanoor,3000.0,3000.0,0.0,🟢 STABLE
Mumbai,9500.0,9500.0,0.0,🟢 STABLE
Mustafabad,5500.0,5500.0,0.0,🟢 STABLE
Ramkrishanpur(Howrah),11000.0,11000.0,0.0,🟢 STABLE
Barara,1200.0,1200.0,0.0,🟢 STABLE
Punhana,7000.0,7000.0,0.0,🟢 STABLE
Pattamundai,10000.0,10000.0,0.0,🟢 STABLE
Udupi,10000.0,10000.0,0.0,🟢 STABLE
Angamaly,3000.0,3000.0,0.0,🟢 STABLE
Amritsar(Amritsar Mewa Mandi),1400.0,1400.0,0.0,🟢 STABLE
Uluberia,10000.0,10000.0,0.0,🟢 STABLE
Adimali,4000.0,4000.0,0.0,🟢 STABLE
Vadgaonpeth,7000.0,7000.0,0.0,🟢 STABLE
Farukh Nagar,1500.0,1500.0,0.0,🟢 STABLE
Jainath,587.0,587.0,0.0,🟢 STABLE
Sultanpur,7875.0,7865.0,0.13,🟢 STABLE
Khaga,7875.0,7865.0,0.13,🟢 STABLE
Navsari,9750.0,9714.29,0.37,🟢 STABLE
Etah,1160.0,1155.71,0.37,🟢 STABLE
Varanasi(F&V),8080.0,8040.0,0.5,🟢 STABLE
Khandwa(F&V),2500.0,2486.57,0.54,🟢 STABLE
Moth,8300.0,8247.14,0.64,🟢 STABLE
Chamba,2250.0,2235.71,0.64,🟢 STABLE
Dharwar,7000.0,6948.57,0.74,🟢 STABLE
Nasik,9500.0,9428.57,0.76,🟢 STABLE
Panchkul(Kalka),9000.0,8928.57,0.8,🟢 STABLE
"New Grain Market , Panchkula",9000.0,8928.57,0.8,🟢 STABLE
Tulsipur,8000.0,7935.0,0.82,🟢 STABLE
Sasthamkotta,13200.0,13085.71,0.87,🟢 STABLE
Rajkot(Veg.Sub Yard),9750.0,9664.29,0.89,🟢 STABLE
Akhnoor,2400.0,2378.57,0.9,🟢 STABLE
Raath,8155.0,8069.29,1.06,🟢 STABLE
Mahoba,8250.0,8160.0,1.1,🟢 STABLE
Khariar Road,13000.0,12857.14,1.11,🟢 STABLE
Samsabad,7300.0,7214.29,1.19,🟢 STABLE
Ankleshwar,1200.0,1185.71,1.2,🟢 STABLE
Pandharpur,6000.0,5928.57,1.2,🟢 STABLE
Robertsganj,7960.0,7861.43,1.25,🟢 STABLE
Sandila,7750.0,7652.14,1.28,🟢 STABLE
Muskara,8620.0,8508.57,1.31,🟢 STABLE
Kottarakkara,11000.0,10857.14,1.32,🟢 STABLE
Doraha,1800.0,1776.0,1.35,🟢 STABLE
Noor Mehal,5800.0,5721.43,1.37,🟢 STABLE
Kayamkulam,10000.0,9857.14,1.45,🟢 STABLE
Kendrapara(Marshaghai),10000.0,9857.14,1.45,🟢 STABLE
Tauru,10000.0,9857.14,1.45,🟢 STABLE
Madhoganj,7760.0,7644.29,1.51,🟢 STABLE
"Binny Mill (F&V), Bangalore",1400.0,1378.57,1.55,🟢 STABLE
Milak,7650.0,7532.14,1.56,🟢 STABLE
Sagar(F&V),9000.0,8857.14,1.61,🟢 STABLE
Unnao,7750.0,7625.0,1.64,🟢 STABLE
Shahabad,7000.0,6885.71,1.66,🟢 STABLE
Kapadvanj,8750.0,8607.14,1.66,🟢 STABLE
Meerut,6080.0,5978.57,1.7,🟢 STABLE
Alwar (F&V),1700.0,1671.43,1.71,🟢 STABLE
Manjeri,9950.0,9778.57,1.75,🟢 STABLE
Vai,8000.0,7857.14,1.82,🟢 STABLE
Wazirganj,7900.0,7755.71,1.86,🟢 STABLE
Muradabad,7800.0,7650.0,1.96,🟢 STABLE
Ahirora,1490.0,1461.43,1.96,🟢 STABLE
Puwaha,7900.0,7747.14,1.97,🟢 STABLE
Maudaha,8500.0,8334.29,1.99,🟢 STABLE
Mandsaur(F&V),7700.0,7550.0,1.99,🟢 STABLE
Lucknow,8000.0,7842.86,2.0,🟢 STABLE
Shahganj,8120.0,7960.0,2.01,🟢 STABLE
Khair,7800.0,7642.86,2.06,🟢 STABLE
Ajuha,1670.0,1635.71,2.1,🟢 STABLE
Viswan,7800.0,7635.0,2.16,🟢 STABLE
Mirzapur,7950.0,7771.43,2.3,🟢 STABLE
Agra,1510.0,1475.71,2.32,🟢 STABLE
Sainthia,11500.0,11228.57,2.42,🟢 STABLE
Keonjhar(Dhekikote),12000.0,11714.29,2.44,🟢 STABLE
Aralamoodu,3000.0,2928.57,2.44,🟢 STABLE
Pala,11500.0,11214.29,2.55,🟢 STABLE
Haatpipliya,1700.0,1657.14,2.59,🟢 STABLE
Lakhimpur,7900.0,7699.29,2.61,🟢 STABLE
Sitapur,7780.0,7578.57,2.66,🟢 STABLE
Navapur,7800.0,7597.43,2.67,🟢 STABLE
Manawar,4900.0,4771.43,2.69,🟢 STABLE
Mauranipur,8450.0,8225.71,2.73,🟢 STABLE
Mugrabaadshahpur,8265.0,8043.57,2.75,🟢 STABLE
Sangamner,8750.0,8500.0,2.94,🟢 STABLE
Kottakkal,9550.0,9275.71,2.96,🟢 STABLE
Noida,6800.0,6604.29,2.96,🟢 STABLE
Mainpuri,7650.0,7421.43,3.08,🟢 STABLE
Sambhal,1650.0,1600.0,3.12,🟢 STABLE
Kollam,13500.0,13071.43,3.28,🟢 STABLE
Muktsar,9000.0,8714.29,3.28,🟢 STABLE
Tundla,7800.0,7550.0,3.31,🟢 STABLE
Karimnagar(Rythu Bazar),11000.0,10642.86,3.36,🟢 STABLE
Ranaghat,13000.0,12571.43,3.41,🟢 STABLE
Kondotty,9100.0,8785.71,3.58,🟢 STABLE
Golagokarnath,1500.0,1447.86,3.6,🟢 STABLE
Srinivasapur,8000.0,7714.29,3.7,🟢 STABLE
Balrampur,1825.0,1757.86,3.82,🟢 STABLE
Shahjahanpur,7960.0,7660.71,3.91,🟢 STABLE
Udaipur (F&V),8000.0,7678.57,4.19,🟢 STABLE
Chatta Krushak Bazar,3500.0,3357.14,4.26,🟢 STABLE
Khatra,14000.0,13428.57,4.26,🟢 STABLE
Badwaha,2050.0,1964.29,4.36,🟢 STABLE
Etawah,1570.0,1504.29,4.37,🟢 STABLE
Sheoraphuly,11200.0,10714.29,4.53,🟢 STABLE
Radaur,6500.0,6214.29,4.6,🟢 STABLE
Anandnagar,1720.0,1644.29,4.6,🟢 STABLE
Kiratpur,7250.0,6921.43,4.75,🟢 STABLE
Thandla,10000.0,9535.71,4.87,🟢 STABLE
Panipat,3900.0,3714.29,5.0,🟢 STABLE
Keonjhar,12000.0,11428.57,5.0,🟢 STABLE
Chikkamagalore,865.0,822.29,5.19,🟢 STABLE
Alappuzha,2300.0,2185.71,5.23,🟢 STABLE
Kangra(Jassour),11500.0,10928.57,5.23,🟢 STABLE
Machhiwara,14000.0,13285.71,5.38,🟢 STABLE
Achnera,1530.0,1451.43,5.41,🟢 STABLE
Parassala,16000.0,15142.86,5.66,🟢 STABLE
Perumbavoor,10500.0,9928.57,5.76,🟢 STABLE
Sonepat(Kharkhoda),14000.0,13214.29,5.95,🟢 STABLE
Ernakulam,2400.0,2265.0,5.96,🟢 STABLE
Mangal Wedha,8100.0,7642.86,5.98,🟢 STABLE
Pipariya,5000.0,4714.29,6.06,🟢 STABLE
Nagina,1500.0,1414.29,6.06,🟢 STABLE
Rampur,8000.0,7528.57,6.26,🟢 STABLE
Panvel,10500.0,9871.43,6.37,🟢 STABLE
Rayya,1400.0,1314.29,6.52,🟢 STABLE
Mathura,8200.0,7685.71,6.69,🟢 STABLE
Tarori,4500.0,4214.29,6.78,🟢 STABLE
Pandua,10800.0,10114.29,6.78,🟢 STABLE
Rohtak,9000.0,8428.57,6.78,🟢 STABLE
Saharanpur,7000.0,6542.86,6.99,🟢 STABLE
Aroor,2600.0,2428.57,7.06,🟢 STABLE
Chaandpur,1500.0,1400.0,7.14,🟢 STABLE
Atarra,1750.0,1632.14,7.22,🟢 STABLE
Safidon,7200.0,6714.29,7.23,🟢 STABLE
Islampur,9000.0,8371.43,7.51,🟢 STABLE
Kosikalan,8000.0,7435.71,7.59,🟢 STABLE
Purwa,8550.0,7943.57,7.63,🟢 STABLE
T. Narasipura,7000.0,6500.0,7.69,🟢 STABLE
Satara,7000.0,6500.0,7.69,🟢 STABLE
Hindol,2800.0,2600.0,7.69,🟢 STABLE
Piravam,12000.0,11142.86,7.69,🟢 STABLE
Muzzafarnagar,6950.0,6445.71,7.82,🟢 STABLE
Mahboob Manison,10400.0,9628.57,8.01,🟢 STABLE
Gurgaon,1250.0,1157.14,8.02,🟢 STABLE
Palwal,9500.0,8785.71,8.13,🟢 STABLE
Dinanagar,1500.0,1385.71,8.25,🟢 STABLE
Kanjirappally,14800.0,13657.14,8.37,🟢 STABLE
Junnar(Narayangaon),1000.0,921.43,8.53,🟢 STABLE
Chala,2300.0,2114.29,8.78,🟢 STABLE
Vadhvan,11750.0,10785.71,8.94,🟢 STABLE
Narsinghgarh,2100.0,1927.14,8.97,🟢 STABLE
Amroha,1450.0,1330.0,9.02,🟢 STABLE
Venkateswarnagar,6000.0,5500.0,9.09,🟢 STABLE
Barabanki,1540.0,1411.43,9.11,🟢 STABLE
Aligarh,1480.0,1354.29,9.28,🟢 STABLE
Gharaunda,2000.0,1828.57,9.37,🟢 STABLE
Timarni,5000.0,4571.43,9.37,🟢 STABLE
Bangarmau,1500.0,1371.43,9.38,🟢 STABLE
Balugaon,3000.0,2742.86,9.38,🟢 STABLE
Kangra(Nagrota Bagwan),9500.0,8678.57,9.47,🟢 STABLE
Vamanapuram,9800.0,8928.57,9.76,🟢 STABLE
Khurja,7050.0,6412.86,9.94,🟢 STABLE
Chengannur,3000.0,2728.57,9.95,🟢 STABLE
Jasvantnagar,1525.0,1385.71,10.05,🟢 STABLE
Ramtek,14000.0,12714.29,10.11,🟢 STABLE
Gohana,2000.0,1814.29,10.24,🟢 STABLE
Dhand,2000.0,1814.29,10.24,🟢 STABLE
Banda,1850.0,1677.86,10.26,🟢 STABLE
Naraingarh,6000.0,5428.57,10.53,🟢 STABLE
Udhampur,9000.0,8142.86,10.53,🟢 STABLE
Bhavnagar,2250.0,2035.71,10.53,🟢 STABLE
Malout,9000.0,8142.86,10.53,🟢 STABLE
Khanna,6000.0,5428.57,10.53,🟢 STABLE
Gadaura,900.0,814.29,10.53,🟢 STABLE
Shahdara,9000.0,8142.86,10.53,🟢 STABLE
Nabha,13100.0,11828.57,10.75,🟢 STABLE
Barwala,2200.0,1978.57,11.19,🟢 STABLE
Charra,1500.0,1345.71,11.46,🟢 STABLE
"New Grain Market , Faridabad",9000.0,8071.43,11.5,🟢 STABLE
Keshopur,11200.0,10042.86,11.52,🟢 STABLE
Auraiya,1550.0,1388.57,11.63,🟢 STABLE
Ratia,11500.0,10285.71,11.81,🟢 STABLE
Rajpura,8500.0,7600.0,11.84,🟢 STABLE
Alirajpur(F&V),2500.0,2228.57,12.18,🟢 STABLE
Pothencode,54040.0,48040.0,12.49,🟢 STABLE
Ratnagiri (Nachane),7000.0,6214.29,12.64,🟢 STABLE
Mannar,10100.0,8957.14,12.76,🟢 STABLE
Azamgarh,1700.0,1507.14,12.8,🟢 STABLE
Jagadhri,1500.0,1328.57,12.9,🟢 STABLE
Pune(Moshi),9000.0,7957.14,13.11,🟢 STABLE
Badayoun,1500.0,1324.29,13.27,🟢 STABLE
Bayana,1400.0,1235.71,13.29,🟢 STABLE
Una,12500.0,11028.57,13.34,🟢 STABLE
Durg,2300.0,2028.57,13.38,🟢 STABLE
Batote,2300.0,2028.57,13.38,🟢 STABLE
Sirsaganj,7950.0,7000.71,13.56,🟢 STABLE
Khekda,5000.0,4400.0,13.64,🟢 STABLE
Lehra Gaga,10000.0,8785.71,13.82,🟢 STABLE
Adilabad(Rythu Bazar),3500.0,3071.43,13.95,🟢 STABLE
Rayagada,14000.0,12285.71,13.95,🟢 STABLE
Surat,10000.0,8750.0,14.29,🟢 STABLE
Pune,8000.0,7000.0,14.29,🟢 STABLE
Bahraich,1720.0,1504.29,14.34,🟢 STABLE
Basti,1700.0,1486.43,14.37,🟢 STABLE
Bilsi,1500.0,1310.0,14.5,🟢 STABLE
Bindki,1680.0,1465.71,14.62,🟢 STABLE
Chandigarh(Grain/Fruit),2000.0,1742.86,14.75,🟢 STABLE
Anoop Shahar,2000.0,1742.86,14.75,🟢 STABLE
Ghaziabad,1960.0,1707.14,14.81,🟢 STABLE
Bangarpet,1100.0,957.14,14.93,🟢 STABLE
Dhamnod,1100.0,957.14,14.93,🟢 STABLE
Jahangirabad,1650.0,1429.29,15.44,🟢 STABLE
Bhilwara,1950.0,1685.71,15.68,🟢 STABLE
Chhachrauli,2000.0,1728.57,15.7,🟢 STABLE
Tiphra,5200.0,4485.71,15.92,🟢 STABLE
Nawabganj,6900.0,5928.57,16.39,🟢 STABLE
Siwan,5000.0,4285.71,16.67,🟢 STABLE
Mehta,2900.0,2485.71,16.67,🟢 STABLE
Belacoba,3000.0,2571.43,16.67,🟢 STABLE
Bariwala,1300.0,1114.29,16.67,🟢 STABLE
Chandabali,3000.0,2571.43,16.67,🟢 STABLE
Shillong,6500.0,5571.43,16.67,🟢 STABLE
Seoni,7500.0,6398.14,17.22,🟢 STABLE
Ganaur,2500.0,2128.57,17.45,🟢 STABLE
Bijnaur,1520.0,1292.14,17.63,🟢 STABLE
Sanawad,6000.0,5100.0,17.65,🟢 STABLE
Ballabhgarh,2000.0,1700.0,17.65,🟢 STABLE
Pattikonda,5500.0,4642.86,18.46,🟢 STABLE
Tohana(New Veg Market),15500.0,13050.0,18.77,🟢 STABLE
Jalore,1800.0,1514.29,18.87,🟢 STABLE
Fatehpur,1650.0,1385.71,19.07,🟢 STABLE
Yamuna Nagar,4000.0,3357.14,19.15,🟢 STABLE
Bowenpally,1600.0,1342.86,19.15,🟢 STABLE
Shikohabad,5600.0,4700.0,19.15,🟢 STABLE
Dewas(F&V),800.0,671.43,19.15,🟢 STABLE
Kotkapura,6200.0,5200.0,19.23,🟢 STABLE
Azadpur,2363.0,1977.43,19.5,🟢 STABLE
Baraut,1550.0,1292.86,19.89,🟢 STABLE
Mandya,9000.0,7500.0,20.0,🟢 STABLE
Buland Shahr,1700.0,1416.43,20.02,🟢 STABLE
Firozabad,1500.0,1247.86,20.21,🟢 STABLE
Kullu(Chauri Bihal),7500.0,6228.57,20.41,🟢 STABLE
Chandoli,1470.0,1220.71,20.42,🟢 STABLE
Bharthna,1600.0,1327.14,20.56,🟢 STABLE
Angul(Atthamallick),2500.0,2071.43,20.69,🟢 STABLE
Karad,10000.0,8285.71,20.69,🟢 STABLE
Santoshgarh,10000.0,8285.71,20.69,🟢 STABLE
Indore(F&V),1000.0,828.57,20.69,🟢 STABLE
Birbhum,4960.0,4108.57,20.72,🟢 STABLE
Sikarpur,8800.0,7285.71,20.78,🟢 STABLE
Meham,7000.0,5785.71,20.99,🟢 STABLE
Ahmedabad,2100.0,1735.71,20.99,🟢 STABLE
Vandiperiyar,3960.0,3264.0,21.32,🟢 STABLE
Kendrapara,15000.0,12357.14,21.39,🟢 STABLE
Khed(Chakan),9000.0,7414.29,21.39,🟢 STABLE
Warangal,6750.0,5557.14,21.47,🟢 STABLE
Rahata,6700.0,5514.29,21.5,🟢 STABLE
Ladwa,7500.0,6142.86,22.09,🟢 STABLE
Athirampuzha,2900.0,2371.43,22.29,🟢 STABLE
Patan,3500.0,2857.14,22.5,🟢 STABLE
Ballia,1630.0,1328.57,22.69,🟢 STABLE
Pataudi,8500.0,6914.29,22.93,🟢 STABLE
Bareilly,1500.0,1217.86,23.17,🟢 STABLE
Kullu,9000.0,7285.71,23.53,🟢 STABLE
Baghapurana,2000.0,1614.29,23.89,🟢 STABLE
Porbandar,12500.0,10071.43,24.11,🟢 STABLE
"Kalol(Veg,Market,Kalol)",7000.0,5607.14,24.84,🟢 STABLE
Samana,4500.0,3600.0,25.0,🟢 STABLE
Shahaswan,1500.0,1200.0,25.0,🟢 STABLE
Chirgaon,1750.0,1395.71,25.38,🟢 STABLE
Narwal Jammu (F&V),11000.0,8750.0,25.71,🟢 STABLE
Bandrol,1600.0,1271.43,25.84,🟢 STABLE
Thanesar,12000.0,9528.57,25.94,🟢 STABLE
Ch. Dadri,2250.0,1778.57,26.51,🟢 STABLE
Munnar,13000.0,10214.29,27.27,🟢 STABLE
Bharwari,1650.0,1296.43,27.27,🟢 STABLE
Allahabad,1600.0,1255.71,27.42,🟢 STABLE
Chandausi,1500.0,1172.14,27.97,🟢 STABLE
Ashahipora (Anantnagh),2800.0,2178.57,28.52,🟢 STABLE
"New Grain Market(main), Karnal",9000.0,7000.0,28.57,🟢 STABLE
Pampady,14200.0,11042.86,28.59,🟢 STABLE
Ellanabad,12500.0,9714.29,28.68,🟢 STABLE
Thodupuzha,14000.0,10857.14,28.95,🟢 STABLE
Bhanjanagar,2100.0,1628.57,28.95,🟢 STABLE
"Anand(Veg,Yard,Anand)",1800.0,1392.86,29.23,🟢 STABLE
Hamirpur,2900.0,2235.71,29.71,🟢 STABLE
Pundri,10250.0,7900.0,29.75,🟢 STABLE
Rajgarh,8000.0,6142.86,30.23,🟢 STABLE
Chakdah,3800.0,2900.0,31.03,🟢 STABLE
Champadanga,3800.0,2900.0,31.03,🟢 STABLE
Bharuasumerpur,1820.0,1384.29,31.48,🟢 STABLE
Damoh(F&V),1600.0,1214.29,31.76,🟢 STABLE
Kukshi,8000.0,6057.14,32.08,🟢 STABLE
Dibiapur,1800.0,1357.14,32.63,🟢 STABLE
Bagepalli,1350.0,1016.43,32.82,🟢 STABLE
Aluva,3000.0,2257.14,32.91,🟢 STABLE
Miryalguda(Rythu Bazar),7500.0,5628.57,33.25,🟢 STABLE
Suratgarh,12500.0,9357.14,33.59,🟢 STABLE
Hanmarkonda(Rythu Bazar),2500.0,1871.43,33.59,🟢 STABLE
Rajnandgaon,7000.0,5214.29,34.25,🟢 STABLE
Narwana,12000.0,8928.57,34.4,🟢 STABLE
Bhiwani,2890.0,2148.57,34.51,🟢 STABLE
Chitwadagaon,1590.0,1170.0,35.9,🟢 STABLE
Mukerian(Talwara),10000.0,7357.14,35.92,🟢 STABLE
Kesinga,20500.0,15071.43,36.02,🟢 STABLE
Dhanotu (Mandi),2300.0,1685.71,36.44,🟢 STABLE
Patran,8000.0,5837.14,37.05,🟢 STABLE
Arasikere,1000.0,728.57,37.25,🟢 STABLE
Durgapur,3600.0,2621.43,37.33,🟢 STABLE
Shimla and Kinnaur(Rampur),15200.0,10985.71,38.36,🟢 STABLE
Ahmednagar,1000.0,721.43,38.61,🟢 STABLE
Mansa(Manas Veg Yard),10500.0,7507.14,39.87,🟢 STABLE
Bhuntar,2500.0,1785.71,40.0,🟢 STABLE
Ludhiana,2000.0,1428.57,40.0,🟢 STABLE
Jaitu,2000.0,1428.57,40.0,🟢 STABLE
Barnala,2150.0,1528.57,40.65,🟢 STABLE
Tuensang,9800.0,6928.57,41.44,🟢 STABLE
Kathua,12750.0,9000.0,41.67,🟢 STABLE
Moovattupuzha,10500.0,7400.0,41.89,🟢 STABLE
Thirurrangadi,6500.0,4557.14,42.63,🟢 STABLE
Shimla,9200.0,6442.86,42.79,🟢 STABLE
Thalayolaparambu,9900.0,6928.57,42.89,🟢 STABLE
Koraput,8000.0,5571.43,43.59,🟢 STABLE
Dhupguri,3000.0,2085.71,43.84,🟢 STABLE
Balarampur,3000.0,2057.14,45.83,🟢 STABLE
Shimla and Kinnaur(Nerwa),5000.0,3428.57,45.83,🟢 STABLE
Ambala Cantt.,1800.0,1228.57,46.51,🟢 STABLE
Ghoti,1700.0,1157.14,46.91,🟢 STABLE
Bilaspur,2500.0,1700.0,47.06,🟢 STABLE
Hodal,8000.0,5428.57,47.37,🟢 STABLE
Churu,2000.0,1357.14,47.37,🟢 STABLE
Bilimora,1200.0,814.29,47.37,🟢 STABLE
Purulia,12000.0,8128.57,47.63,🟢 STABLE
Kosli,15000.0,10142.86,47.89,🟢 STABLE
Bhawanigarh,2000.0,1350.0,48.15,🟢 STABLE
Bhadara,2369.0,1597.43,48.3,🟢 STABLE
Attabira,3500.0,2357.14,48.48,🟢 STABLE
Khargone,2500.0,1671.43,49.57,🟢 STABLE
Phillaur(Apra Mandi),2500.0,1642.86,52.17,🟢 STABLE
Madanganj Kishangarh,7500.0,4928.57,52.17,🟢 STABLE
Biaora,2500.0,1642.86,52.17,🟢 STABLE
Longleng,9700.0,6342.86,52.93,🟢 STABLE
Dahod(Veg. Market),2000.0,1300.0,53.85,🟢 STABLE
L B Nagar,5400.0,3500.0,54.29,🟢 STABLE
Moga,11500.0,7400.0,55.41,🟢 STABLE
Sadhaura,8500.0,5400.0,57.41,🟢 STABLE
Shahzadpur,7000.0,4428.57,58.06,🟢 STABLE
Karimnagar,9000.0,5642.86,59.49,🟢 STABLE
Sahnewal,10400.0,6442.86,61.42,🟢 STABLE
Mhow,12000.0,7428.57,61.54,🟢 STABLE
Chittorgarh,1900.0,1157.14,64.2,🟢 STABLE
Gudimalkapur,1600.0,971.43,64.71,🟢 STABLE
Abu Road,1500.0,900.0,66.67,🟢 STABLE
Channapatana,2250.0,1292.86,74.03,🟢 STABLE
Shivpuri(F&V),2000.0,1142.86,75.0,🟢 STABLE
Faridkot,9000.0,5100.0,76.47,🟢 STABLE
Multai,6000.0,3314.29,81.03,🟢 STABLE
Pune(Pimpri),8000.0,4321.43,85.12,🟢 STABLE
Jangipura,8070.0,4287.14,88.24,🟢 STABLE
Mehatpur,5000.0,2500.0,100.0,🟢 STABLE
Parappanangadi,8500.0,4242.86,100.34,🟢 STABLE
Dhar(F&V),2500.0,1242.86,101.15,🟢 STABLE
Barhaj,7900.0,3908.57,102.12,🟢 STABLE
Tilhar,6525.0,3028.57,115.45,🟢 STABLE
Raipur Rai,4500.0,2085.71,115.75,🟢 STABLE
Malerkotla,3500.0,1571.43,122.73,🟢 STABLE
Sanwer,11500.0,4735.71,142.84,🟢 STABLE
Samalkha,15000.0,5571.43,169.23,🟢 STABLE
Syopurkalan(F&V),8000.0,1792.86,346.22,🟢 STABLE
